Model,Knowledge_Gap_Rate,Contradiction_Rate,Abstention_Rate,Epistemic_Honesty,Overconfidence,Uncertainty_Awareness
claude-3-5-haiku-202,0.3815,0.04,0.4215,0.4215,0.001647690269722668,0.41125
llama-4-scout,0.35775,0.0265,0.38425,0.38425,-0.06385737408399761,0.42474999999999996
gpt-4.1-mini-2025-04,0.21125,0.134,0.34525,0.34525,-0.02450401068873742,0.4325
gemini-2.5-flash,0.19175,0.14425,0.336,0.336,0.009542560244697684,0.5347500000000001
gpt-4.1-2025-04-14,0.215,0.0835,0.2985,0.2985,-0.054490113676528895,0.744
claude-opus-4-1-2025,0.173,0.015,0.188,0.188,-0.27233726250326207,0.522
llama-4-maverick,0.131,0.0495,0.1805,0.1805,-0.2535052873710385,0.6025
